{"cameraMode":{"drawMode":0,"name":"Shaded","section":"Shading Mode"},"sceneLighting":true,"audioPlay":false,"sceneViewState":{"m_AlwaysRefresh":false,"showFog":true,"showSkybox":false,"showFlares":true,"showImageEffects":true,"showParticleSystems":true,"showVisualEffectGraphs":true,"m_FxEnabled":true},"in2DMode":false,"pivot":{"x":0.42975449562072756,"y":0.0014703571796417237,"z":0.06287157535552979},"rotation":{"x":-0.3060190677642822,"y":-0.08524731546640396,"z":0.027874020859599115,"w":-0.9478873610496521},"size":0.3017285168170929,"orthographic":false}