{"cameraMode":{"drawMode":0,"name":"Shaded","section":"Shading Mode"},"sceneLighting":true,"audioPlay":false,"sceneViewState":{"m_AlwaysRefresh":false,"showFog":true,"showSkybox":false,"showFlares":true,"showImageEffects":true,"showParticleSystems":true,"showVisualEffectGraphs":true,"m_FxEnabled":true},"in2DMode":false,"pivot":{"x":0.6600000858306885,"y":-3.0987040996551515,"z":37.13999938964844},"rotation":{"x":-0.21226385235786439,"y":-0.08901617676019669,"z":0.01975850947201252,"w":-0.9730426073074341},"size":1.9859005212783814,"orthographic":false}