{"cameraMode":{"drawMode":0,"name":"Shaded","section":"Shading Mode"},"sceneLighting":true,"audioPlay":false,"sceneViewState":{"m_AlwaysRefresh":false,"showFog":true,"showSkybox":false,"showFlares":true,"showImageEffects":true,"showParticleSystems":true,"showVisualEffectGraphs":true,"m_FxEnabled":true},"in2DMode":false,"pivot":{"x":0.405487984418869,"y":0.005985930562019348,"z":0.08224527537822724},"rotation":{"x":-0.21226385235786439,"y":-0.08901617676019669,"z":0.01975850947201252,"w":-0.9730426073074341},"size":0.3798389732837677,"orthographic":false}