{"cameraMode":{"drawMode":0,"name":"Shaded","section":"Shading Mode"},"sceneLighting":true,"audioPlay":false,"sceneViewState":{"m_AlwaysRefresh":false,"showFog":true,"showSkybox":false,"showFlares":true,"showImageEffects":true,"showParticleSystems":true,"showVisualEffectGraphs":true,"m_FxEnabled":true},"in2DMode":false,"pivot":{"x":-0.3823937177658081,"y":0.01279246062040329,"z":0.2500514090061188},"rotation":{"x":-0.09057342261075974,"y":-0.15155214071273805,"z":0.014265664853155613,"w":-0.9842802286148071},"size":0.3408503532409668,"orthographic":false}