{"cameraMode":{"drawMode":0,"name":"Shaded","section":"Shading Mode"},"sceneLighting":true,"audioPlay":false,"sceneViewState":{"m_AlwaysRefresh":false,"showFog":true,"showSkybox":false,"showFlares":true,"showImageEffects":true,"showParticleSystems":true,"showVisualEffectGraphs":true,"m_FxEnabled":true},"in2DMode":false,"pivot":{"x":-0.34958958625793459,"y":0.08092331886291504,"z":0.30612441897392275},"rotation":{"x":-0.2263938933610916,"y":-0.1524226814508438,"z":0.03622663393616676,"w":-0.9614485502243042},"size":0.3408503532409668,"orthographic":false}