{"cameraMode":{"drawMode":0,"name":"Shaded","section":"Shading Mode"},"sceneLighting":true,"audioPlay":false,"sceneViewState":{"m_AlwaysRefresh":false,"showFog":true,"showSkybox":false,"showFlares":true,"showImageEffects":true,"showParticleSystems":true,"showVisualEffectGraphs":true,"m_FxEnabled":true},"in2DMode":false,"pivot":{"x":-3.3299999237060549,"y":-3.0987040996551515,"z":38.61000061035156},"rotation":{"x":-0.21226385235786439,"y":-0.08901617676019669,"z":0.01975850947201252,"w":-0.9730426073074341},"size":1.9859004020690919,"orthographic":false}