{"cameraMode":{"drawMode":0,"name":"Shaded","section":"Shading Mode"},"sceneLighting":false,"audioPlay":false,"sceneViewState":{"m_AlwaysRefresh":false,"showFog":true,"showSkybox":false,"showFlares":true,"showImageEffects":true,"showParticleSystems":true,"showVisualEffectGraphs":true,"m_FxEnabled":true},"in2DMode":false,"pivot":{"x":-1.2255563735961915,"y":-0.06171226501464844,"z":-5.5872955322265629},"rotation":{"x":0.017823264002799989,"y":-0.978589653968811,"z":0.18110719323158265,"w":0.09632164239883423},"size":9.890583992004395,"orthographic":false}