{"cameraMode":{"drawMode":0,"name":"Shaded","section":"Shading Mode"},"sceneLighting":false,"audioPlay":false,"sceneViewState":{"m_AlwaysRefresh":false,"showFog":true,"showSkybox":false,"showFlares":true,"showImageEffects":true,"showParticleSystems":true,"showVisualEffectGraphs":true,"m_FxEnabled":true},"in2DMode":false,"pivot":{"x":0.001379251480102539,"y":1.6407480239868165,"z":2.123988389968872},"rotation":{"x":0.04013282060623169,"y":-0.8959934711456299,"z":0.43447163701057436,"w":0.08276698738336563},"size":2.909477710723877,"orthographic":false}