{"cameraMode":{"drawMode":0,"name":"Shaded","section":"Shading Mode"},"sceneLighting":false,"audioPlay":false,"sceneViewState":{"m_AlwaysRefresh":false,"showFog":true,"showSkybox":false,"showFlares":true,"showImageEffects":true,"showParticleSystems":true,"showVisualEffectGraphs":true,"m_FxEnabled":true},"in2DMode":false,"pivot":{"x":0.28951695561408999,"y":-1.552605152130127,"z":-2.812875270843506},"rotation":{"x":0.000053351152018876746,"y":-0.996364176273346,"z":0.08539623767137528,"w":0.0006103447522036731},"size":7.056963920593262,"orthographic":false}