{"cameraMode":{"drawMode":0,"name":"Shaded","section":"Shading Mode"},"sceneLighting":false,"audioPlay":false,"sceneViewState":{"m_AlwaysRefresh":false,"showFog":true,"showSkybox":false,"showFlares":true,"showImageEffects":true,"showParticleSystems":true,"showVisualEffectGraphs":true,"m_FxEnabled":true},"in2DMode":false,"pivot":{"x":-0.4200141131877899,"y":-2.687394618988037,"z":-6.212490081787109},"rotation":{"x":-0.0005774785531684756,"y":-0.9706341028213501,"z":0.24061782658100129,"w":-0.002316606929525733},"size":6.478580951690674,"orthographic":false}