{"cameraMode":{"drawMode":0,"name":"Shaded","section":"Shading Mode"},"sceneLighting":true,"audioPlay":false,"sceneViewState":{"m_AlwaysRefresh":false,"showFog":true,"showSkybox":true,"showFlares":true,"showImageEffects":true,"showParticleSystems":true,"showVisualEffectGraphs":true,"m_FxEnabled":true},"in2DMode":false,"pivot":{"x":-0.01794910430908203,"y":0.15952903032302857,"z":35.15420150756836},"rotation":{"x":0.1622811257839203,"y":-0.29656171798706057,"z":0.05121010169386864,"w":0.9397478103637695},"size":1.4436215162277222,"orthographic":false}