{"cameraMode":{"drawMode":0,"name":"Shaded","section":"Shading Mode"},"sceneLighting":true,"audioPlay":false,"sceneViewState":{"m_AlwaysRefresh":false,"showFog":true,"showSkybox":true,"showFlares":true,"showImageEffects":true,"showParticleSystems":true,"showVisualEffectGraphs":true,"m_FxEnabled":true},"in2DMode":false,"pivot":{"x":0.8045244216918945,"y":1.1804296970367432,"z":38.089569091796878},"rotation":{"x":0.11521225422620774,"y":-0.7351729869842529,"z":0.12922200560569764,"w":0.6554231643676758},"size":15.284198760986329,"orthographic":false}