{"cameraMode":{"drawMode":0,"name":"Shaded","section":"Shading Mode"},"sceneLighting":false,"audioPlay":false,"sceneViewState":{"m_AlwaysRefresh":false,"showFog":true,"showSkybox":false,"showFlares":true,"showImageEffects":true,"showParticleSystems":true,"showVisualEffectGraphs":true,"m_FxEnabled":true},"in2DMode":false,"pivot":{"x":-0.04015709459781647,"y":-0.4278467297554016,"z":25.70534896850586},"rotation":{"x":-0.00021167680097278208,"y":-0.9995854496955872,"z":0.028494810685515405,"w":-0.008073109202086926},"size":6.50485372543335,"orthographic":false}